<?xml version="1.0" encoding="UTF-8"?>
<project-private xmlns="http://www.netbeans.org/ns/project-private/1">
    <editor-bookmarks xmlns="http://www.netbeans.org/ns/editor-bookmarks/2" lastBookmarkId="0"/>
    <open-files xmlns="http://www.netbeans.org/ns/projectui-open-files/2">
        <group>
            <file>file:/C:/Users/Rohit%20Gautam/Documents/NetBeansProjects/SAMSUNG/src/RemoveAdjacentDuplicates.java</file>
            <file>file:/C:/Users/Rohit%20Gautam/Documents/NetBeansProjects/SAMSUNG/src/NEXT_LARGER_ELEMENT_OF_ECH_ELEMENT_OF_ARRAY.java</file>
            <file>file:/C:/Users/Rohit%20Gautam/Documents/NetBeansProjects/SAMSUNG/src/SUM_OF_LENGHT_OF_NON_OVERLAPING_ARRAYS.java</file>
            <file>file:/C:/Users/Rohit%20Gautam/Documents/NetBeansProjects/SAMSUNG/src/MOVE_CHAR_OF_STRING_UP_OR_DOWN_BY_NUMBER_OPERATIONS.java</file>
            <file>file:/C:/Users/Rohit%20Gautam/Documents/NetBeansProjects/SAMSUNG/src/MAKING_LARGEST_NUMBER_USING_DIGITS_OF_STRING_IN_K_OPRATIONS.java</file>
            <file>file:/C:/Users/Rohit%20Gautam/Documents/NetBeansProjects/SAMSUNG/src/POWER_OF_TWO.java</file>
            <file>file:/C:/Users/Rohit%20Gautam/Documents/NetBeansProjects/SAMSUNG/src/FaceBook.java</file>
            <file>file:/C:/Users/Rohit%20Gautam/Documents/NetBeansProjects/SAMSUNG/src/COUNT_NUMBER_OF_101_STRING_IN_STRING.java</file>
            <file>file:/C:/Users/Rohit%20Gautam/Documents/NetBeansProjects/SAMSUNG/src/PERMUTATIONS_OF_A_STRING.java</file>
            <file>file:/C:/Users/Rohit%20Gautam/Documents/NetBeansProjects/SAMSUNG/src/SUM_OF_SUBSETS_USING_BACKTRACKING.java</file>
            <file>file:/C:/Users/Rohit%20Gautam/Documents/NetBeansProjects/SAMSUNG/src/MAKE_LAST_FOUR_DIGITS_0_IN_SINGLE_LINE_OF_A_NUMBER.java</file>
            <file>file:/C:/Users/Rohit%20Gautam/Documents/NetBeansProjects/SAMSUNG/src/Test1.java</file>
            <file>file:/C:/Users/Rohit%20Gautam/Documents/NetBeansProjects/SAMSUNG/src/BIT_DIFFERENCE_BT_TWO_NUMBERS.java</file>
            <file>file:/C:/Users/Rohit%20Gautam/Documents/NetBeansProjects/SAMSUNG/src/Test1_for_SUM_OF_SUBSET.java</file>
            <file>file:/C:/Users/Rohit%20Gautam/Documents/NetBeansProjects/SAMSUNG/src/ARRANGE_ELEMENT_ON_THE_BASIS_OF_ODDs_ON_ODD_POSITION_EVENs_ON_EVEN_POSITION.java</file>
            <file>file:/C:/Users/Rohit%20Gautam/Documents/NetBeansProjects/SAMSUNG/src/SWAP_NIBBLES_IN_A_BYTE_OF_NUMBER.java</file>
        </group>
    </open-files>
</project-private>
